,UniProt ID,PFT Probability,SCRFs Score,Organism,Sequence
0,A0A229SVV3_9PSEU,0.9999526739120483,5.699999999999999,bacteria,MTTTDSARSEDWPRCVKILGEPDDRCRGVQIDGFDRCLAHLDPTELNTFLSGLFPGADLDVRGTAFDSQLLRQLMQAVTTHSSSPPRAELRRSDFRGATFAQGAGFGRANFAEGADFRGATFTQGGYFGGATFAEGAYFSGATFTQDAYFSGATFTKYTSFKDATFAQDSYFDHATFTKNISFSGATFTEDASFSGATFTKNADFEAATFTEGGYFNGATFTKTAFFRGATFTEDAYFNDATFTEGAYFGEATFTKKVSFSGATFSRCERLGPLTAEQLDVCGTQFGVAVVVEAEAGEVSCQRARFSGGVELRVRHGRVDLAEVLFGAASSLGPSASARATEAKVKSWREKNNAIDHRPVLTSLRGTDVSELALTDVDLRWCRFAGAHHLDKLRIEGDSPFPQPPRRVRALGRPRRQVIFEEHPWRAQRMPKSGWLASGPFDTEQVEQVGPGRLAALYRSLRKALEDGKNEAGAGDFYFGEQEARRRAVGTSFVERAVLWAYWLISGYGQRASRAITALVGIVAVLAVVLITCGLPVAGPTSQSTTVTRAVPGGGQETVTTSRDVAPQLPPGDARWTLDRVDTSVRIALGAVAFRDAGQKLTSVGTWAVMVARFVGPILLALAALAVRARVKR
1,B7XHH6_ENTBH,0.9985814094543457,7.63,fungi,MDNDEKNVIEATLSSETEQKSEIYVLTPENITTQKNHQETTNMFFKGIPELRKIISPFDLEPYNPILRAFKIPGIIFTAALGGWIIGKLSAKPFYLVIIGHLVYYYYTRQVKQYKASLYSKLNQIDRINNIPGYESVEWINYIIKRFWINIEAAISSEIHSATNQILKKNCPSFLKSIKLSEITLGTEPPIIEKVKFIDKADDIVFLEVALSFIPLQDTDIIINDKMKTHWNFCIQLNAVINNLISLPILLRNVTFAAAIRLEIQLKKEQPFLKHLKLQFIDVPEFDFVFIPLKICDFMDLPLLSEYCKNLFKKQVSNLAIEPNSININLETINQYSGKKIGIICIRIHNLISHYEGQRYISITADEKVIGKTQKQDGLNPHFNESFYAIIKDTTTTLNLTMHQEENQFGVIYLRNLNKHHLTEWINLTNDKSSSALQVTTMFYQKTSKFQKNSIITIKVKSVENILKKNASIKLLYNTYVIVKIVNNISKIVIDEFETKRIFASRNPVFNQDFQCFIKNTNKHSLHIFLMDDKDDSQIGNTVIHLNDFKDLTEPHIKFKLNGVDQGEVILLLSNEYIDIHGETSSDCNSTESTNISDVYTKINIKKYKHQPGFNSLKYNSIPAPINLTSDSTEISEKFPGDIPQSVKENNKIINISLPEMNIGIYNTEKQNSRMIELKEALQLTLISFTGKGSYFFVIETFNDIFKLPLFTTKINFVYRTVIPIGMENLIIFRLFKLTNNGDVIIGEVLANLDNCEENGNLTLAFDNLQAIFNCKTSPLTNIIKNNCYKFVQCRIDQISNYINDLKYFDNNGMHYITEIYKRYSFILEGKNDLIINYIDSVKLLGKKKKGKIEKLHNINLGKLYKKESTKSLIANITMKTYGCNFPFISYFTYGNLEIHIIKVSNIEDNSDNRSIDPFVVTYLNKESIFKTQIKKKTLNPEFNESCEIEIEKLIDKIGFAIYNYNRMSANQMLSFTEFPLYNINPGYSKYEIKMEDALSGQNTKTTLTVLFNFTKI
2,A0A1Z7ZHE1_9GAMM,0.9981772899627686,3.67,bacteria,MSGVSVSVGLDLKFDGLSNTLMVNLKYLEAKEDLVYSIKYGKNALDISYSTTNKTAQASWLASDGEGLKLSELATLIGIPEAQELASLDLALKGFSLDYDDKEGLFFIDVALESGSNAFLAAVKPQGQVKKWQFALGFYLNDTLSLSELPLVGKELGNRFSIKDIHLAYITQEMSTATLITISQLLKKNNINTLNKGADNTVPKGITAGATFNFGNIIPSKNLFSTSKATPPSGANAKSRHASVSTSANSHAKVGKSIGPVHVQSFGFGFSKGDINVKISAGVAVGPLSMSLEGLTIGNPLTKLDPTFSLNGLTIDMKSDPITLGGGFLKVDPPSAGTKYEYEGMLNLSLKSFQLDAYGSYAKLNNDDTSLFVYAIADYPLGGPSFFFVTGLAAAFGYNRNLIAPDVTGVATYPLVTAAAGNNTTNHPSGSDAAAQSGQILSQLEKYLPPEDGEYFIGLGVKFQSFKIIDSFALLIGKFGKQLAFDFFAVSTYRAPDPEDPSPVAVVELEVIGQLIPAEGTLMVQGQLTPSSFLLDKDCHLTGGFAVGLWATGQYAGDFVYSFGGYGSHYTPPAHYPQQVPVIGLSWQLSSELSIKGGMYWAITPKMITAGGFMHASLNTSFFKAWFDLDAYFLIEWKPFHYEAGFHVDFGLKVRIDLLFTSIWLGFDISAGLQIQGPPFSGVASISLSVCTIHVHFGAAAVAPPPLTWNQFDTAFLPKQSDRVNINLTAGLVKTVKDQDNNSVWVINPKEFRLETNSFIPSTEYQINYQEIGQTQKTAIIDNKPMFNKPAIAPMTLATGGFSSAHNITLIGPDGDCELQAFAITQNSPKAIWGDKSKADESTSLISDVLTGFRLVPAKEPTPGITQAVNKNTLAWELDVFNQAFEQDKLLSFKGKKNIDVKTFIDGTSDARHAVLLALGVTDNIPSASDLKDTFNFDFVPNIIIGNYSE
3,A0A4U1CDM3_9SPHI,0.9976027607917786,4.24,bacteria,MKPNLILSITSMLLLSVQANAQEQPNVNVTTNNKTSLNVATNNNIQVATTKNGKSTTVVYGANYNLQDDTPMKAKTISKSFAIDKGDKVNLSNQYGSITIKTWNKSEVKVDVDIKAYAKTADEAQKLIDDLSIEASKTGDLVTFKTERGDRNGNWGSNVRNGKTIWRREIKVHYVVYMPASNSLTASQQYGNIILDDFTGPTSLKLQYGDLIAGNLSNTNNYVSIQYGKGNVKDMGGATIKHQYGNGFTLENVGNIDLNAQYTAVKIGNIRGTATIKHQYGNGTTIGSVSGGAINVNTQYAPVKIGNLNSNITSRAQYGKIIIDEIEAGKDVDVDAQYSSVSLGFASNYAADFDVRTQYGNFKYGANVTAKKEDDGKSYSSNKNYTGQIGKGGSAKVNVKVQYDNATFK
4,A0A084T0T5_9DELT,0.9965952038764954,4.09,bacteria,MSSSNPPSQGQPPAIRTFQMDDSAVGNLSSSVNLFRGDVNLTQSLFTLPGRSQDNGLDVTLSLQYQSNVFREATTWNREAPTGVAGLGWSLPLTWIEAVSSGSPVPGTRQYVLYENGVPNTLVRQPWAPRLFSADAALAGSLADGKPVPSVLVEEFHAHGLLLSADAIARGGHGTWELVDDTHELLYTLEVGERLLAKDGGEAYQLQNYQFWKIQYYPRYERWVVTSDSAVRRSFGGGVTRDAAGAHSVNETVAWSVWWKGSDGEPLWSGASMRTEGQVQVARAWYLGRVTDRFGSSVTYAYNGFERTDGLIRGCEQRVGAGGLPYTKAVYLTRLTDMFGRTVTLDYGDKLWSAGETAPREYADPHRAAPSDAPGAWQDRYETRFLDEIIIQAADGSTLFTFRFTYDPRPDASGREREVANVTSATGSLRGDTFKRFLTGITQFDQDGVASPGLVLGYSLDAAAEGGQPGALATLTSPEGGTATYTYTRQELTLCERRAEVKRPDVVGSGSPRVYHGPDYAVVTYYNQANGRLSLQVWTWGGSWLTWQLDPDDALLDTLGLDLDSLQAVANQDFFALTFTRTTPSERAVYVFDRDVARPGQWRSATIDGVTTAKNVPTLELPTTGAATTFVGGTTWLAVAQMSSRTLSGSYELLTWRWTTRAWTRETIHPPRYTWIAGRGGVPRHVGSRRQARAPLAGQSARVAVRGPDHDPQAFDGGPGQCRPRAGHLARDGVQPAREQRAGEHLPRLGGAVDGGLRARGPRARRVHRHLRAGQPAHPVDSGGDRRHARRHQRQPRALRWRGVGSEHGTQPGHARRGPRPALRVRARLRHPGHRAHHWRRRGRRAGDGLRPDGGLEAGPGHVGPIAAVPG
5,A0A2G5DA44_AQUCA,0.9913367033004761,5.21,plant,MCSFHKQLDNMELFLAEDLTYEILLYLPIASLTRFKSVCKSWLSLIESSKFITQHHQQQFEENLFVLTSSFIESPEFSIGISLLSGIKFHVSHNFDLPQPFTMTDQYVNLIASCNGIICLEHCCNLEPTKQDFFLLNPATKQFKLLPTSPLPKSTEELRVNVICAGFGFDSKTNAYKVVRVAATSIRSFDTRVDIYSSSTNSWRTIDVVVPEGFTYNYKYLKIPFRKEIYCWLGQEVLSGEDDTLTLLNTIITFDFSKEVFETMALPNVYSVVDDDGGGQFGLELALLRGNIACIGRTKFQTLEDKLEWSIWMLNEYGVKDSWTKLYTVSLDYNVYPISIFKNEEIICRRRPYNFKAELELLLFYPVTQDGKSLRFFLSKLFNMNSRLLFTRRA
6,A0A2V7SL97_9BACT,0.9887469410896301,3.4299999999999997,bacteria,MKSLTLALAALVICASTCLAGRAQAQSAGGVAHAGRPVAHATAIDDHPILDGRLDEQVWGRARPITEFTQLDPEEGRPASARTEVRIVYDAEALYIGAWLHDSQRPSSRLVRRDAYVLDSDWFSVALDSYHDHLSAFRFSVNPAGVRRDEIFTSSGRTVNTSTTVVTDRGGLADQSWDPVWDVATTLSDSGWTAEIRIPFSQLRFSPAEEQTWGLQMERRIARRQEQSLFAFTPKDQPAGVALYGHLEGISRLHALRRLDVLPYASGRLLTRPLLAPASGVDFPDPFRSPREQSLGVGADVKFRVTSDFTLDATLNPDFGQVEQDPAVVNLTAFELQFEEKRPFFVEGADILRFGTSIFGAPEGGPPQLIYSRRVGRAPQVAVPDSAVYADLPDVARVLGAAKLTGRTARGWSVGMLEAVTGREHASFVAPTGAPSSSEVEPLTSYFAARLKRDFRGGRATFGGLVTAVNRRPQSDAVAAQLRTSAYTAGVDLRTETADHVWSVVGSFSPSHVSGTAAAIAATQRSSNHFFQRPDARHLRYDPDATSLAGYRAQLDGGKRTGNWTGNVAITASSPGYEINDLGFQTSTDRIVLDPNVTYEHTRPGRVFRRWSVRAGPDNVWNYGWELVRRQSYATLQTQLRNYWTASLQVNHASPAYSDRLTRGGPLTRTPAGDGVKLDVASDPRRRYTLATTINRTVDRAGLDQALYSVDVGLKPADNWEIRIGPDLNRVRLPAQYVTAVSDPTATQTFGRRYVFAPLNQTTLGIETRLNVTFTPRLTLELYAQPFVATNDFGALKELRAPRTFDFAAYGTDVGTASRDSTGRTTIDPDGAGPARAFVVEDRDFTLASLRGNAVLRWEWRPGSTLYVVWQQERAEQLAGTEAARRGRDVGRLALGDDLQDLMRVRPVNVLMFKISYWLNP
7,UPI0012D71497,0.988477885723114,5.67,bacteria,MQKVSSKNQKVMPQRGGNFLSEFILFRSVFGFKNLQNKFILKYLLGLGVLTNAACEGESEKASTELTEREMNLANIQVYNTIKMTNPKMVQDENVKNTSEDFRSTVEINPIDKIENQNIILTTAEPLDDPVAQIGIEATIDFIKFEDELSSGNVIKGPLQHALVFLDIDGDGRPIDEPFVYTKSDGSYDLLEAFRNHRGTLSKEEMNDADLTVFTFDNTTDTISDKPLPDVILKAPFGSNVVSPLTTIMSQADLTSAEVADLFKITQQDFYNFNPFSASSDLNLALEVEILGLQIASILTTLSGATKGVLTDNLKELNPNATNPQERWITFENMSAGVRSQVLNDLRQELRSNLGASEIVLQEIVKVVKDKSLSKKTLDLASVSDIKVIIEALDLALVSHLSKTDGASTQNTNNAMASFRTSSDKLGQELAELNFKISTISELYSKETVETVSLISNLSEKVFDFDKGKWISPDQISFSGSIQNATDKTGAMKFKGPLDGFSLELENNPLDVAAVHEKNGKFILTWTKNSALTGNSIQLKTVEDPNGSEKFKASKDQTDFIFDYGFMENNSSVKIIVANEGQTEFEYPTQVSNDQIIIIRSSKPKAPLELNEFSFTDGVISLTNSTQANEQIRISESIPAIMVLRTNKDAIVDPVLEANFTATDGQSVILTEPSVWGEVIKIHTSNTPEDAETFIADAGQTKFDFSYNASEKINVFRSKIAKFSRISSEEYSASNGVVTLKSPTEENELVEIRKLPADNKVIDLFSSTNFRTYKPEITRLDENELIIISTASNQQNDQSAILVQLQKRDNEKNGIEYSLVKENYMIANETSIPSSYTTSASRNTEPVLSLADNKNFVVGWTNDTKSQDGKNVEIQVFDENGPVIDKRFTLNDPSYKDQYSLDLVALSTQSKIAATWVEVERDTINTDIIYSHFDISKPSGINLTNKTISVSISIFGQQVPIKVELAESDFIDGDLVMDREAFGLNPEDFINKVSVQYDPKGQFDRLNFDRTSISDIFGARDDLIQAFSKGINLGEELNVNYDEVLGLSVNGPLLTTQNTKITLNHSGSEIPINLILSDANFNNGKLTVTGVELADQLDLGENEQVLSVIVQTDPKGNFDEQNNEGKFTEDPISGVSDNIGTWIFEQKEIGGNLSLNFDPYLGIMVKGIGKLARLNHKNILKDEFHELKISKEDAEELDVIYKLLQSPSRIFVAENDQSNFPFQSEATSDQMIISRSLGNGLPMLPDEYIYFDGVITLMEKAKKNESIKVTTPSSNVMLSINTSSLPYTPNKDNVQVSVEHTGSNQKVILELEDINFLTASNPQVGQNGLVENDLTFTGIQLDKQLNLKPGDTITSIVAQSDPTGKFDQLDINGTFLWDQETKYFDKLGSWTAPNVQVLTEFDINFNPTLIVPEDNNVSIFWTAWNPQIEIYQLIYRRFDDDGNLSQLITLENEFSFEPSDFDVAINGNEIFVTWNKTDEMGNSDVVMSSLDPTSVDESLKAQFENNFITIKKNVDEAKSMPKITFDSENEIFITWIDSPALTKDQLTDFQLVFDLIDLDSLNVPLASYTVPENETIDNLKELTPYLLDQNVNFLEKDLESQLAMLDDKKVQDYLATKDDMIFYVELTDIYNNLEGSDTGIIV
8,A0A160H6L2_BACCE,0.982264518737793,2.81,bacteria,MNKNNNEITEVPCSECGDIDYRDIMNMSKQGEYVAQQSVVLTAMNTSFQVIRTLYQANKGTLSKAGGVIKSIFTYLWRQKNSQEEWDNFMKAVEILIAEELSTYARNDAIASVRGLENVLNEYQEALDDLALDPTNSALKDEVKRWVTTVHGQFEATMPTLAVGGYEVQQLVAYGEAANLHLAFLRDVAKFGYQWDLDKTTVANYYKDLKENTQIYTDHCVRTYNTGLEKTKSLMGAINPKDYNKYPYLNPYANGSTNFYKKVLQWNVWNDFRRDMTIMVLDLVALWPTFDPEVYTNPEGVDLELSREVYSTAYGRYGSSTHGGDWKSWEVMETAVDRSPHLVSFLTNLAIYQKTYSSSSTNTKLDQYDGVINTLKTVGSTSTFEDGFAPISKEAYRSVKNIPGEYINGVDLRLGMVPCSLTFKTYSSGPFFAGQCYSHLAQSTFYNLSATIAYHRFSYVNAIDDNFSGYYSGWGIGTWGMGWLHENLKTLNIIHATKSSCIPAVKARILTNSATVIKGPGSTGGDLVKLPGVPSTSDIQVRMNMTREVWKNYRIRIRYATSSSAQLFVGKWTGRWAATANINLAATYSGELTYTAFKLADVPFNITTGEPEFSFELRNNSGGPILIDRIEFIPLEGTFAE
9,A0A2R4XFA3_9BORD,0.9792735576629639,3.45,bacteria,MKNHEQSIADESEPASEGINEAENSSLSLEGVTVPERQSDAAWAEGARKANPVLRIIAGDDQPAANALKLHPLASWLAFGVLLAAAVPAPSHAKMPAPSQSYFATAERSHVPVTRRNAARPPVRPSPVRSSGTSGSTARRRQVAIAALAETGFVSDGERQGVGDPNDQGPVTDTAPSGAMTESPRDAEGVKGTDEQVLASGVFSPIKVVASPLDDEPWTTVIGRERLDQWQVQDWNQLANRVDAGVNFNATDGSINIRGLDKNRVLTRIDGVRQSWLSDIRYGYGTSVRGGLSSLDFNAVSDITIQRGVDSAAAGSGAMAGLVDVRTLEPEDLLAKPRSRGGVAALIKTGMQSVDSSWLVNAALAGHVTDDLTWMLQAGGQFGHETHNRGTEGGYGVTRSQANPANYSLQNYILKLRQKFEGGHRLGLSGTYFERQDDRTDLSASLTYYYPGQVFTSDTVKRKAIALDYNWDDPAGTGILDSVALNAYWQQADLETQLDGNRIKSYARGRLKYPFGPYGRHSSMQETTLSAQGVVVKSLQSAALRQRWEAGVQWYGTRLTQFAGASDNCPEPVARSCPFIKANQADMPNSKGNQWGLWLQNRMTFGQFEVTPTLRYDYYQQRPQNTSDFVANPAHVPLPDSSGAAWSPKVLVAWSPLPDFSVYAQYAKGFTAPTATQLFSRYGTPQTYLYKGNPHLKAETSHGWETGVRYESARAGAALTYFDNHYSNFIQQVVVAGMDFRRPSYPMLIQGFDNLESVRIYGVEAGGHWNFARGWRLSGSLAWAVGKDLGTDRYLNSVAPLTAMLGVSYSQDTWGVAAQIKAATSRSNVAYPTKGPQGQGPDFQAPGYGIVDVTAYWSPAEVKGLTIRAGVYNLFNKTYWNALDVPSGAGRGMSRPVDLYTQPGINYGLTVTYRY
10,A0A3P1Z9P9_9BACT,0.9724306464195251,4.43,bacteria,MTIFIPIDCLEYLRCRSVVFMFVFRFLFFVLSFSAAAAFSVAAVRHSSPDSLWVESVENGVQLETAVVTGTGTRKTLADTPVRTRLITADDIKKSDAFDLRQLLQHELPGVEFSKALSQHTVLNFSGFGGQQLLFLINGERLAGENMGNVDFSRINLADVERIEIVKGVSALYGSDAAGGVINVITRQQRPQPWTWQIDWRKSAHNDRKVGTSHTLNRRRWAHTVQLHHTAHDTYFLPNPPDAALYGKYVLHRISGEKTWNMNERFVFRPTDQLRLSARAGYFFRQHAHDAGEDQRYRDFSGGLKAEWTPSDERRLELSYAFDQYDKSDFHREKRLDLRDYSNVLHAFRVLYARPLNALSKEHSHALLLLGGDGQRDYLSSRQLGENGIRHRYSADVFAELDWTLGRHWSVVAATRYDYLTDTKQGHPTGKLSARYRRGAFTLRAGCGSGYRVPTLKERFMHFHLRDLFIIRGNENLRPEKSRGLHLSAEWAKNGWSLETSTDYQRIARRITTTRPSDERDPKSRLPYVDYVNVPRFEVFNVETTAQHRRRHRNHIVTARLAYAFTHEKARERETLTPYMPARPHSLTARLDYRHASTNAFDGVLSGRFLSAIRGEEYNALTHEARPFRYPAYFLLKLSLRQQFGRGVQLYATIDNLLDYRPRVYLYNSPPTTGITLTAGVRLDLHALRF
11,UPI000421BC33,0.9633178114891052,3.71,bacteria,MLKPLLSPQQARAMARKSRAKVSLDDNLVAPSINPALLADPADNTVWRAVLKEGGDDFVLSIPKWALSGRKDTVVLHVEGSEEELFSGEYSRADEADFPIPATIEKPLLDAMAEGKHAFVYEVIAFNGTVKVSEPLALIFDRMDPYYGDVPPAPPAITDVLEANKDKVKVTIPANPNWAEKDTVRVFWLAKVPEDPLETLPAATAVLTSAAAQTLDIPQAHVEATGDGGISVFYVLIDKAGNFSHLSQPVQVGVALGAFPTTFALPVVDLAADGLIDQADVALGVVVDVPRFDNHKPSDEVRVLWGSAGSEWRAIGTDTFPLQFSISALDILTEYGGASAQGEKVAKVAYEVRRGTVLLTKPNPTIDVKVNLERFGPGNPDWPEPINPVMLPAKVFGRNSKKENELIDADAGQPADVLIEIDAAFADKDVVSLYWDGEHVTEADHPLTAAEVGTEISLSIPWAYILSTGNRTVPMHYEITRGSNPNAARPEETPVVVDAVVVVPDAPQFDGKAGNGMLRCEAIWSNPPDPEDPAIRVVVAELSQWGLAAGDTIKMIWRATTEIDKTPIPEAGHEEEVTLDAETLKGFIWRIPYVDYVLPIYEADEDDRDGYGYVRFEFTLNGKPGSSKEEEVYVSMHDAGGSCALPSP
12,S3TH02_9GAMM,0.9539679288864136,2.96,bacteria,MKKKQSQSDSLIPYKVLNNHIGYELFDLNKVNLFEQAAIQLNNILIDKKTNINIGVNSEKPVGFIDHDIAGNITKSYDGGYFFSFLNTALHKVVSKAYSLFDADFFKTLDAMSIDQFKGNSGDNIYYVNHSSDFVQEYSTEYYEIFGDVWVDNSYYESQWVESGYEHQNLIVDGYNESIWVESGYYDQVEVVEGRTEQVLVEQGYFETQKVYKDQAGKVYIDDNSPSGHYYQYLAQYYDAKTKTWQDGYALDWIESKTVWIDTSYYQEQWIETNHYQKTIWVDTSHYEDQWVDTSHYEKEWIDTSGYENILISSGYWENQIVELGYRDVDFGGHDKIFSSVSYNLSDDFAEINVLGSEQQYLQSGKYVEDLELIGYANLNATGNGLDNLITGNAGNNSLDGRGGHDTYVGGIGSDTVVYTLLNCSDGLVDRWQDFHVGNVWTDSQADKIDLSQLLTDYAGDGSVTSLEKFIHVNQEGDNTIVSIDRDGEASVENSVHLVALNNVNTTLSELLGNHQIIF
13,A0A3B9TAE9_9BACT,0.9524851441383362,3.68,bacteria,MGKKALFFFIALYFSFHHQAKAQNEFVSPRGDTTLASIAIRSGKAQIKNFFLFPSHQEIESLYLEVRFSALPQNKYFVQNPIRIEVLRQNKEKTEAIEIARFFMPWANEKTDKDLVFSFDISAYSSLFDQAVVLQLESSNRSLTTNFSLKFKWKKGTAPAKVHSILNLWHSDINGIAYADKSKPINQQLKAKIVKIPKNIKYALLRIYLSGYGSENKVPSEEECSKFYFLSINKQTIAKRPVWRDDCGLNALFPQAGPWTSARTNWCPGQTLRVYDHFIALGTDTTLNIGLQLQETSKENPILKSFLLSANLILFEEAHLKNDAALVEILAPTNSPLHNRYNPICSSPVIRVKNTGSDTLKTVLLKYGLDQKQETKYRWRGELAFMEEEIVYLPPLNWYFYSQRNKPSSFFVSIAEVNQKPDQENANNQLFSEINLAPVYPNRISIQFTTNLAAADNIIELVDDMGIPLFEAANFANDSTYTYNLDLLPGCYELIIYDKQGDGIYFPAKKTGKGSLKIIATKSKEELSIFEPNFGAEIRQQFMILK
14,A0A4D7JJC0_9BACT,0.9511027932167053,3.22,bacteria,MVHLYDFSVNGENKMELAALSEIEFIIDTISAYQGNYHISRLNLKEPSLEIYRVSTGNNIVRKFSMDMLTTSDFDSLLNLSHSDPDSMIAHYDKLNFIHSSYLKFYNTVYTGAINVIKQYSFKELKLDSLHIERGRLEYSDYSSGEPFYLQLEEGFAKMNSFNSNSDNSKLFFNAEMNYSGHLSGRVVFKSLKDREIQISHKIKDIKIVDFSPFTDFYIDQPFWDGIINLQAETEIDDDYMYSTNDVVITHLEVGDKIPGTKNKKIPSRFAVGLMKDVKGEVKLSIPIKGKVGHPESDFIPNVGKVVKDLVVKTAATPVKLISKPFKDKSNKIREIKFNYLDSVISIKQKRNSILFQNY
15,UPI00131A0232,0.9415112137794495,3.01,bacteria,MTAATVAGTAEARAVATIEETTAAAAAAEAAIAVATAVVTTTVVAPRAATTAAVAVPVVVVPVVVAMAIAVVSVGVTTVPQARVAMTVRPARVVMTVVASAEDVPQAEGSGGTTTAVSAPRSGVMTEATTVAASVATTTVAIAVVSGATTAGASVRRSVGTTTAVAVVVSGATTIAVSVRRSVVMTEATTGASVLPSGVTTTAVTVAVTPAVTTVAMTAVATAVAVTIAVATVVVTTVPRLRVVTTGPPAPVAMTAAAIVRPSVATTAVVSVRRSGVMTVATTGVASVRPSVVMTVGTIVVTVTVLPSGGTTTAVTGAATPVVTTVRPGRVVMTVVVSVRPSAGMTTVVSGLRSAVTTAATTGASVPPSGVTTTAVTVVASVGVTTVPQARVGMTGPPVPVVTTARPVPVAMTVVASAEDVPQAEGSVGMTAGVSGRRSAVTTTGVVVAGSVTSGSVTATVSRSSGCRSPRTSRARRSTRTYGRS
16,A0A077S262_WHEAT,0.9154824614524841,3.8899999999999997,plant,MALAAAAVAASRPSPTGLPRPLCRATVHPCRPRRFRLEASLSASTPAPAPATADEGAAAGTCPVIRFDMADFTVADRVSVGLHGRSDEMIFEATVRDPSSELYGSTVVLRQLTSSQAKRRGRRALEVGILGNAVDFHDNDPSNSAVASNNERRKMMIAFDMRCAGFIMAKMVLRELMDSSTFQKFKSFLNKGNDPSCLREFLLPILSQNSPSGNIGLQMLDRHWGAGWNLLALLLATKSDKRISCVDALRHPFLCGPKWRISPTVNVVRWGLGSTAVRLAEDYIYGHHQRRRLAYFIELMEVLNPNSSTENWLRLLPGRWCLLYCTGRHIGLTLRQPIPRVFISDAFLTFAEAPESVNPILSLTSDIGFKIMPESDWPHDKSGTEGNLSITTSARITPGRIYTNAEDGKESSSRITSSRYLGGKWGKAAKMKELPASLPTASVNVDEDEVDVSMSCGSTLNVKSARNVLQEVRTQTPPEMFDLSKIVCGTYIDSRLMVLRGVNGSALLFVRSNRTSDP
17,A0A0J8GSN6_9ALTE,0.8925914764404297,5.21,bacteria,MSKNIFMGSTALLGALSVAVSSAYAQESEVEDKNIKSKETELIEIHGVRNSLYSVKRSGDARRLVDLVDTPATITVLTKDQIDESGRSDLKEVLSTQAGVTLGTGENGNAFGDRYIIRGHEARSDVFVDGLRDPGMNTRESFSVEQIEITKGPSSTFAGRGSSGGAINSITKKASIGYDLGRVDVGFGSDNYYRASVDVNKPISEGFATRVNIMKSSEDAPKREGAERKREGALISGIYDDGNKTRVWADIYYLNAEDVPDLGSTVINGEIVKDIPVYAQQGDFMNSEAWSTTLRVEHQLNDTWKFYNITRYGETENGYIATSASGTTGYLTEDDANNGVNGFGTFSFGTHHNAQEVEHFATQFNFLAEIETGAIEHKLLISAEYADYTVQNFNYDNRGESSFNNCWRSSRGGVGESFCALDNQGNLVAGLNTSIDRSSATRGSLKNDYNYQVSAVSLMDTMQLTQDLMVFAGIRLDSYDYSNLAYRNGEGTAYEFSDTLTNGHFGVVYELVDDINLYASYGTATNINGGESDVGANCGYGGVCNDAEGNTDSEPEKVTNIEIGSKMSLNDELLFLQVAAFRLTKDDVMEGAGRDYEPVGSLNTGKHQVSGIEVALNGQVTDALSIQITAAKMDSEVIESAHETNIGLPLALFADESFYAQARYQLTDDFAFGGDFTYKSSMTGGQPDTGSTGPEVPAYRVYNMFASYNFSEDLTARINLGNVFDEEYYTSTYRAAKFMYIGDRQSLRATVTYQF
18,A0A522UP87_9BACT,0.8907409310340881,5.590000000000001,bacteria,MNKELRASAAYTGVLLLLLISFQALCFTGICSAADATSTSLTSDSLQYYSDTKKYVATGSVTATRGDAVIKADEITYSEDSSEVLASGNVTFDDQETSIKAERAEFNMEAKTGRLYKAEFLQKKTHYHLLGEMIEKRGENYYYSPEATFTTCDLPMPEWCFKGKEITAVVGDTFKAKDVSFLVKDHPLFYSPYFWASINKERHTGFLLPTPSYSKTRGAGINLPFFWAISENRDMTLSLDTYSRRGVGTGLEYRSLDIGEIRSNGWVYYIKDTLLNKDFLEVRATHEDRDRGPLRGFLNINYVNEKDFYREYTSYRDIRIQRYLESTAEVALPLDNARLYLLSQYWVDLKNSNGSIPQRLPEAGFVQNYSRLGQIMLTTSATASNMLRENGISATRFDIYPRILHSVGKDITLSQIVGLRNTFYSFYKGGGEDSTADRTAFEYDLTGHMRLQRSYGLIRHILEPSVRYHVVSVSKNSLPLFDATELYKNTSAIELSVLNRGIVKGSEVLTLRVTQGIETDNDNRPLQPLRFDAGMTVPLPLSVTTTYDYYASRIETASADVSIPLSKATVSLGQRYNHTENIHVYTAGLDLSPSKELHLTGTLWYDTRGGGLQDLHATLKYTRQCWSMRLEADKKPGDFSMKVMFELSGISTRMGSKK
19,A0A2E7TVX4_9FLAO,0.8747929334640503,10.860000000000001,bacteria,MFNRISVLRLAIIGLIFCNFVAEGLTQSDVNKVVLSEVNGLNYQIWIDHRALAMFTDSVIEALNADGDDTWNTWGDVLTKGNSPGMNVNFDGWNAYGIDSLLVQGAAKLDSTLEVDGYVRMDDSLYVAMNAMLQSKLYVGDSLRVEGGTDLKSTLDIEGDVSASSALNVDGNTTLNDLVDLNDSLNVEMDATFQSTVHVQDSLVVRGNTAIGGNLDIDGIANLDTTDIDGSINVSGATHFGDTLYVASDVNFDGNGDVAGTLIADSIYAANGIHSGNGLYADSTISLDGGSTGAWNTVALGENASATKWASRALGSESTASWEAATAIGRNSRATNYAAVAIGAESDATGTFATSIGQGSTASGTSSLALGGSGTSASGTWSVALGGASTASSTASIAAGYQSTASGSHSVSLGWNSTASGSSSFAFGVDASSSAHHSMALGWDASASDSHALAIGNDASASGYHSLAMGFDASASGSHARAIGEGSSASGYHALASGLGSTASGSHSIAFGESSTATNWHAIAVGDGSSASQSHSIAAGRSSEASGWHSRAFGYKSTASHSHAIALGERSTASGWNSTAIGFGTEAFGSQSIAAAAESRARSVGEVQFGLYADTIALGTVTDSSYWAWIPEEPLFVIGNGTMDADRSNALVIRKDGAALFSDSLAVGGNATMAGTLDVTGAASAASGSTFGNLTLADGSITDSSGAISFGDEDLSTTGTLDAGVATLASSSTVGNLTLADGSITDSSGAFSFGDEDLSTTGTLGAGVATLASSSTVGNLTLADGSITDSGGAIDFGDEDLSTTGTLKVTGTINNLNIGEGSGSGLQNTAVGHMALNEATNSSWASTAVGYAALSNTTGGSNTAVGAFALHSNTTGEHNVAIGRDAVRQNISADHNVGIGKSALYNNSLGNGNIAIGTLAMYENTTGYDNTAIGFQVSLGNESGFQNVALGGFALEDNIDGNKNVAIGYQADVKFPNLTNAVAIGYGAEVTASNTIQLGNSSITTVKTSGAIEAGGLDLSGDFDVNTDKFTVASATGNTAIAGDLGVDGTINGMTVGALGPGNFNTAVGKDALNSTSNASDYGTAVGYAALENNQGEGNTALGSYAMQSNESGTGNVAIGFNAGKFFTGSENTAVGTDAAKGNTGYLNTVLGYGAMEYAGSGSGNTAVGHSALWDNTSGSKNVAVGLLALSDNEYGKENVGIGYGANVSGGGLQNAIAIGFDATVTASNTIQLGNSSITTVTTSGTIEAGGLQIAAAARTATTDGSGDGTIVSGTSFVTVTSTNADHIVVLPAPVPGSIINLYCASGYELRTSDPASISLNGVSGTGKELAVGSDVLVRCICVSSTKWIAQRIDSVGDTTGAGTPD
20,B5JIQ7_9BACT,0.8315668106079102,4.55,bacteria,MYFSFSLDVPRILSFVSLIAGSYLYCNAAGSVEPELPEAEANAEESIVGEADLVLGLPFAEVGGLTVDDTSGSNNHGTLSGVVVRSVSGKFGRALRFDGTGGRVELDSLDVQGAEITIAAWIRPTGFRVSDGRIVSKASGVRANDHIWMLSTFDDDGIKARFRLQTQASPDTKTLVGSTSLVEGVWTHVAATFDGLKMRLYVNGALDGELLCRGAIRENPSVPVSIGDQPQGGRPFEGLIDEVRIFSRELGPNGIEALMAKPLIESEATPPALSPPVSLSAKRISAAQVQLSWEASPKKGDVFGYRVYRDGVFRGVSSNLQFLDEGLDSEKRYEYFVKAVDLAGRASSRSSIVSVDAESGGVTEKELENQLLVESAGGAELVALTSEVGLLASVDAKNAIVNGDFETNVAPWRFYTNGAGSASVSSPAYAGVGSVKMEIGSRGSNIQLFQNDLSLRPNTEYVLSFAAYSSSGNDFRVSVGKHTSPYSNYGLNRERIDLTRDWQVYSLSFTTMNFSSEVDDGRLYFWLSDDAEGGDDYFIDAVSLSPFEGFELDVQVSGDGAIEGVPVSGLVKPEQELELFAVPEDGWVFDRWSGGISSRDNPFSLIATEDLEIHALFLPDGDRSIIDIWYGDDQEFGSIGIPQSQVNLLGNILIPDFIESLSFSLNGVPRGELSIGDEANIRLGGPGDFNVEILLTDLIEGENVVELLARGLDGSEFSREVSFSSSIFSDWPLPYSIDWSEVSRIDEVAQVVDGKWELVEGGVRVVESHYDRLIAIGDIDWTDYEVTVPITVHSVGDQGAPNEPLVGVLMRWTGHSQKRWNEQPGTEWRPIGAIGAYGWYEDGSRGGPRFHILESGVKKSSGYDSEQLPLEVSYFFKVRVESEIPGSPGFYRFKAWPADEPEPKNWGITRQADDGLLNGSLALVAHYVTATFGDIEIVSLAIDTTPPSAPEELEASILDSGHVALGWAESIDDVGVVFYRVLRDGEAIAEVAGNSYVDDSTQSDKTYRYQIVAFDGAGNGSALSNEVFARNGDVPDASAGLWLGYRFEENDTERVFDESPNFNDGTLLQGVAREEHGRFGSALKFDGKGGQVSLGNLDIPGSEFTISAWIRPDSFEEHDSRIISKAMGVREDDHYWMISSINDDGIKARVRLKLSSGVTTTLIGKQPLPVGVWTHLAAAFDGTELSLIVNGVKDVSMPLAGAIAQNDQVPAAVGDQPGGGRNFDGLIDEVRIYQYAMTQEQISALMGRPLPPVGDPDLEVPSVPDNLGVSIVGKSQARLAWDESDDNVGVVGYRIYRNGALLSSVVSPTYLDEGLAEGEVYRYSVSAYDRAGNESGTSSEVLLETLDSPQAPEPPESLQVDTLSDSQLELSWQASIDDGVVVEYRIFRDGGLVGTSVVETFIDTGLAPGTTYSYQVRAVDDESAVSELSLQAFGTTAEASTGEPARNALINGGFEDGLSFWAFYTNGSGEAEVDGDAYAGSSSVKLSVNSRSSNVQLYQNDIVLEPNTEYRLSFVAFSNSSRDFRISLGKHASPFTNYGLNRVRIDLTDSWKSFSVDFTTTGFASKVEDGRLFFWLASDARPGDVYSIDRITLTPLSDVGEEDNQAPSAPQNLTGTVLSGPRIAVSWDESSDDEGVSFYEVVRDSQVVADVYGTSFVDSSVVPGQVYVYKVHAHDAAGNVSEESATIEIQAGEASEPQPNAIANGSFEEGLADWTFYTSGKGVAANVSPSFDGSKAVEVSLDSRASNVQLFQNELQLEPDTNYTLSFRAYSNSGRDFRVAIGKHSSPYTSYGLPRTRADLSSAWQVFSFDFKTTNFASVVSDGRLYFWFASDARAGDVYRIDQIVLSKSDI
21,I3YI11_ALIFI,0.8142538666725159,4.2700000000000005,bacteria,MISIKKYLKLSVLIAFGAFLTSCEQDTNLSLEIQESVYLRFNTTPDPILTTRATGSVDDSVAESTTIKDLNVFIWNNLFSYHKYYTSVSVATMQIIAGNYHIVAIGNAGKDLGNADVSTLHTTTLAQLDIDTYNNAVMTYMGELSTTAGTNINLPLKRTYAYVAFNFSIASSFPDCRLLSYRLHNVPSTTTLATPASGEYTNAALCTGTTAYYSLNGTTASDQTYIFENCQPDVPFITTEKDRTKDNAPAAATYMELNCSHTDGRLFTLRLYLGNGSPSSFTLKRNTRTLYNITIYSEMDARVTSTEATYYPISQQIIPAGGGNGYYDLGTVSYTATDATELAEACFPTLNVGTLLESKGGQLQAFKNGTWENIRSSDALMIPTGNISGTTATMKYRAYIPTAYLSTASTIQQHMDAKYMVAENQYQTLASVDATTRFGYKATVRCSSPKASFTLSATNPQAGWIDASDPEKNICIETAASNRSVRYVINSTEAVIKNFAGVYDDETGTAVGQVTASTKTSITGIFPVNKTGSYTIRFETAAITTSETNQNQTYMLNRNTITVQDTESHPVLNIALECKEGDGIFLRNATFDSTEKTWSGSEETHRMVYRQTTAAGKVQLPIVFVPLKSGTLPYTITVSDDTGSILVTKTVTNTISKTDCTWNADLIIDPDCYITYEGIRRGSYYKDINLCLRIRTSTPLDYVGSGFEITAPIAFDFITGLNGYTWGHYPPNPLELPLINGLVTPLETTLTLKFKNNEQKIRVYPIPGGWGDRFTGHGFFHREYVVYEDEQYEDYDWTVTISDGIDFRGTSLDILLLDDPQIDLTIKKLLTNGAV
22,A0A1B1EDI9_VIBNA,0.8125015497207642,9.71,bacteria,MSPNFPDLLVAFDEAVKALQVKLSQDSSSSITYNGELIQSIAKDIEERWAPLQAMVQGRNAFETKSAMDASGAPPADKPLAEVWNDPTVTNNGLYGYSGSAWVKSPYDSLSAITKAIAAAEGFLDGHISRWEYVDAEAVKIYLDEPVYFKVKGSKTGRLPFPLEFELPRLSVAYVDDDIRDATTNELTLQIVSHADWAALTPSVTRRVVASNEYNGVWSSELNVSSFDEAMSEAIQMGINLTDVKLGSGGALDFYFGDGKTDIDFVAFKGAQGTTADIPAFTTNGKYTLESNYGLYFDFGKAVGTDSFTIEKTPNVIYSGVNGHRAFVRGTKVLLLAGTTVENGTVPRFYGKLADQAYAIWASKAKINPIKSHALTAELPLTAGIKTKFIGPHDVEFTVPAFCYASFPVNPDNPESGHSVSRTNQEHKVTAGENQIVFFDSRQKDAETSTYLVPQVMNVWDYSKQPDEMVYRKVLGWTRSSGWHGVTGNRTEDLEKKICLSHDVSLADVKTGTPRDGLTTYALFIQPSPGSLWHVYTGYSMEYVEWSDDIKAEIAAFGYIELKENQGIVCDFANVNASNRVIAYKVDEFGSSTLGRNDGGWLLLGYRRTNSRDVFYGQLKDTPRPFLNENVRPYYAQMDRVAFSQGNTLPTWNKDALELTWPDPLLLLSPWRDETGYRRHRVRIAPGTISFPSDNYYVAWINKEDLTAADDPEGVPVSKIKIGRYYEANGWQGAANVVVLGYCSYGNFTRVAFPPTLGTLEYPELGGSASNTLPDVVIDVQEPTSDLKRVLVNIRDDASDKGRYVCWRFERLTSIDAEAGHNSDVWHIQRAYVVGADLSTIIKEVITGGENETAIKESGKADFVGGTAHGDEIAQWINMQLDGTEIDPTVAGRHIGKVFRVQQHSQGYEEGTQALTEWFKAWKTWEFSINGVEITQQLEFQRDAVVSDWYNCFLCIARNEDENELATTAQFGAVEPYYQKEDLRARNRTRVEYPSPRKAISYGGGVSFSVEFLEGYGPQDPDNITFDPAENYMFFQVGGGNYNKMYFKQGFTNVLTGAKTFTHYRYKVNSDL
23,R5YJX0_9BACE,0.7840346097946167,6.03,bacteria,MKTRHLFLGLLTCLACQAGYAKETNVNVNTLTSEFDQAADQDVLLLESGIYSSQLSFPAGKTITLKAAPGAEVTFSGTFRNSDAGKTDGGIVLDGLNIITNDNYFMDLTYGNVKTIAVRNCTVSNIGRCFLRTNNAGNTIEAIEFTNCIITDCGANGYCFLYPQHGVKSVSVKNSTLKNYISGESFFSPKNTTSDIDLTFVFENNTVYKWSKSSSYALCKVDGKYSENSTYTFKNNIISTPGVEGQKPFIVSAKGGTLIAEKNLIDNYGGYSVSNASSSTIEDLSLETLGITQIFPDPENGDFTIVSTSPLATASTTGGIVGDPRWLKTFSQVVTLTTGSLPQNGGSTAPLSGNYEKGDEVTVSATHNYGYRFEAWKDQDGKIVSTENPYTFTIEENTEISATFTLQTLYTLNIEKEGEGATWGEYKLSPQRDNNQYEAGEEVSITVVPNSATTFLYWGDGSSENKQTVIMDKDYSFLMHYDVIPFIVGWDFDSNKNPDRSARKGDYYFKTDNTGVMYFHNGDGSSTNWGASERTFGGKTLYCARRYTDFADMDNPRYFTAKFSAAGYENIKIHSYIGTDNGCVHKGQKMQLSTDGVHYADLATLTLSGNSSEWIAFDAMLPDTLTEEMKKNIHIRWIGDTTTEMIGSAKEGDTEGFYLADVFVYADEIHVPDFTAPVLISTSPVQNSDKASANGNIVLTFDEKVQAGSGEITLNGETLVPVFGSKTVSFAYSGLSYGASYEVVVPEGAITDMSGNPFAGITLQFKTMERPRPHAKTFDAVVAANGTGDYTTIQAAIDAVPTDRTTPYLIFVKNGVYNELVRIPENKPFIHLIGQDRDRTIIQYKINCASEGDNGWDFSVNNAAYYPYSDKDGTVVKVAATDFYTENISYINTWGVDEQAGPMALAMLTRNDRLAFYHCNFRSYQDTWQTTTKNTSDRHYAKDCYVEGAVDYIYGGGDCLFENCSLYNARSGSVVTAASHKEGTKYGYVFESCTIDGVADNKDALGRPWHDAPIVVYLNTTMKRIPSPIGWNTMGTIPKLFAEYNSMDINGNPIDLSNRRTEYFYTDDKGQKITGSCRSTITAEEAALMNYDNIISGTDNWNPRQFFEPIAAPEEVKKNSNSLSWKACDYAICYIVFQNDSVIDITTECTSTIDAGQDAECFSVKAVNEYGSLGERAIAQDGTSGINEITPEISRPDFVAIGGNGSLEILVQKKLTVTVHNAAGQLVKQIEYTPGVYFIENLPAGLYLVNDQKVIVK
24,UPI0010C112BF,0.7670983076095581,2.9000000000000004,bacteria,MRGLGIARAALVGAAGAALVLGATRLDGTVDLGPTSATAVSDQSQKPTTVPVAQTGLLCPGPERLGVSGGLKATQRVTALAAAAPDAALPAEARSSAEGTLRAHKISDSGQSKAHARESKGQGTSGRSTSSLDLDAAGGVLFLAGGDFAPGAAAMQYSLVREGDGRALTTVACGQPQAHSWLVAGGAQAGRLERVVLVNPAANAVTVDLQVLGAHGKVASESGRGVVVPPRGRTAVLLDSIAGLEKTPVVQVTAHGGEVYAAINDTWLDGVVARGGDTARATAAPSREQVIAGVSVDGSASLRVAVPGDAQAVVQTRVLTTEGPRRVKHDVVRVGGHSARDIDLSDLPAGTYAIQVRADVPVVAAATVEHGRSTGSKSKLDRKATDLAWTPSSAAVEGLAGTPLPPAGRHGLTNALTLTSTGAKAPVSVTTVDANGKATTRRFVLAADAVRSVPLESATSVWVGTDADSVHAAVLTTAEAEDDGPLVAALPLVSSPLVATQAPIRQVDG
25,A0A6N9FKT3_9GAMM,0.7585337162017822,2.79,bacteria,TEDGTAVAGKDYTAANGRLTIPKGEQAATVEVTTLQDTVDEPDQTFGVVVAKTSGTAESMRLRATGVIRDDDARPKIGIGDVSVSEGDTAGFRASLSAVSEKEVTTRWATVDGTARKGTDYVAGRGVLTFAPGDLHADIAVDTIEDAAGEAPETFEVALFHADEGRRRMADATATILDDDALTFSVSDARATEGGAAATFTVRLSGTAATPVSVDWKTQDGMGDHPAKTGGPVSGGLDDYAAVPATTLTFAAGETEKTVSVQVKNDSVAEREETFRVVLENPVGASVADGAGIGTIEDDDHIRFWIANESAEIPEGDSMLVRVKRSSGTGSFRMRACLEAGTATPSNASTGSALDDDVRVTRRHASANDCAIHTDDTSGRIFTNFAEGETEKTFRVFTIPDDRVEGDETFTIRSTSQTAPDASLLKVIPGSIWYSREFTILDDDAIRLRVERRPGRLWEGEKAVYDLHVDPPLSAGETATVRLATSDGTATAGEDYDAHADTVVTLKPPASAGKPAATVEIVTREDDAFEPDETFTVTLHTPSAGLALSKQAGSIEETILDDDRATVLVDDAVADEGGQARVRVRLTGKLDRAATVTWETVDGDAVSPADFTAVSGGTATIKAGEVEAVLAVSTVQDAKDEDDEDFRVRITKFSEADFRIGSPATVTIRDDDDPALAFGYTFNTNRELENIPWSSGAANLTGMPFGHVTWTVEGNDAAAFRIDADTGNLTLPAQNFEKPADHDKDNTYEVTVRATDEDGTTGTKDITVIVRDYFYGTFRGLWDKRVTEGGTVTFDPDFYSRDEGGIYIESPPLQWRTVLKTSGSGVAAADGDDFTQVPSGGPVIHRIYEDPLRITFQTVQDDLAEPDEVFGVEFFSNSDDVAFSAKSVVVTIEDDDARGVTVSGGPLSLDEADDTQTAGDSENEASYTVVLDSEPTDDVTVSVASADTAIATVSAASLTFTPDDWDEPQTVTVTAVPDDVHSTGGSRAVAVTHTIAAGSSDYNGVSVADVAVTVTDDDAAPSGVALGVDADTGVDGVQDSVAEDGGARTARVTATLKGGAAIDVATEVTVSVGAEGDTAVSVTDYAAVDDFTITIPAGDASAHADFALSPVNDTLDEDRETLTVGGSAGTLTVTGAAIAITDDDAQPTLSVDAPSVDEGDAGATPVLRFTVTLDAASGKAVTVGYAGLAGGTATSGEDFEAFAAGTLAFAAGETSRNIDVTVNGDAVDEDSETLKVRLSAPVNARFAGDVTSLDATGTITDDDAKGVTVAGGPLRLAEADDP
26,A0A6N8WKX6_9BACT,0.6913577318191528,2.9699999999999998,bacteria,MMAGDMDTDGVSVSAGRIDLSGGTIEDEAGNPAMLDYPGVEPSLSHRVDGVKPVLLSASVNQALLALTYGEGLRSGSWNPDKDDFAVEAGGAERSVSSLTVNGGAVELTLGTAVGSGDTGITVSYTPGSRPIQDLVGNQADELNDQPVTNTTGASNTAPEVTDPAVFTTFENRTERWRLAATDSDDGDEVTGWEISGGADRNRFWIDEVTGDFGFSQAPDYETPLDQGSPAGDNEYVVMVRVTSGAGSRAMTAEREVQLSVQDVDEPPGKPEVSPVLEPAVDSLRVEWTEPDNRGSDITGYRVGYRKYGGNDFTEVQAGTGLSWTLTGLDDATLYEVRVQAINDEGAGLWSESVLGSTKASLTVEITSLEASPVEGPFTLRIAFSQAVTGFDSNDIEIQVETDCRDSGNNPLYCIPGRGTLRNHDFVRGISRQTFSLTLTPRTDDVAGNYTLGIRIAAGSALSYLGNQPNSEATLQMRVLTPGATAPEPISSLEPEASAGTRSVMLSWNPPADNGGSAIVRYEYRYAAVGEGLGPWKSVGGEELGVTVGNLAGGREHIFEMRAVNGLGKGPIETVRATPLAGGGFGGGGGGGGGGLLFPPEAPTVLTALPGDEAVRLQWSPPESDGGSSIRRYEYRFKEGREEFAEWTPVPDSAPDEVNANGYTVGDLLNGTVYAFELRAVNAAGNGRVSEAVEVTMPLDPAYWSNFRAEDLEGVELMLEAFLLEGSSRDRELRFGEGLRFEEDELDGEGEVAATHVGSYRYRYTSRTTGEVGLDLDQG
27,A0A1F9TS46_9BACT,0.6902068257331848,4.5,bacteria,MRSITRSILTGLLIGNLACPAAALAEMLPARSPSILTEEEMAFQPAQRSKKEVSELELSIEKARFIRYRQDRWNEMRRRLESGEALIPEAEKPVPTAERKALPAPPPLGPGLNVVLPYESGLSISGRKAIDFKLSSTIYRQPDSGKGRVNKSDFTLEQQLQVRVKGTVGRKVTVNVDFDDTRGDDQRDISVTYKGDPDEVLQEAAFGDISISLPSTEFVGYSKSVFGVRAQLLFRPRSGFARYFPSALWHRYTPKQIRLYLIGSRTKGITKTKRFTGNSVLQRKEIDDIAYPRRQFYQLAFATGPAPGKLEHRPIVVGSEKIFVDDQNPNNNNIDESTRTFAIHEPTLTSVGGVDPSTRVFQGPAGENTGVFKLLVPGVDYTVDYVKGTIRFRRAIQITDIVAADYIPVGSNQPISQTLAGDDPRVPPDKKSTDLLKGFKPFLLKPDESQFFATREVKSIYNLGDTNIVRDDGRGNFILKIVDLNRNEPSILEGLDISTAPQTKPVPKYPQNIDVDFETGLVTFISSDTFRTPDPRPFTDDIYIFRDQVPSFKNRYRIFAEYSFRKGNFNLDQANIVSLSEQVFVDGRKMTRDVDYFIDYDVGLVTFFRPDQIRSDSVVEITYDFSPFGGQGEETLVGLRSEWQVTDHFFFGNSFLFNFAPRTQGVPDLRSTARSIMVLEGDLNITDLKFGRFPIEIKTISAEIARSIKNPNTAGKAMIESFEGVKLEDQAGLNKDSWQVAANPSQGNPISAGGAFDPGYAATQQGGRGVFLSNEDFKVTDIIPSAAVEPSEQIQALKLDYNLPGQYEAASVVQTFSRSGVDFFTNRRQFLELWIHGDNSQAEMRFRLGGTAERSDSDPSGTLKTEDLDRNSALSPGEDVGWSFLNPDASTATVGAGNGRLDTQDLDGNGRLDSDDTLGNYSNEIGGAGNPLREANGVTHANVDWDGWKVFQVPLNITTTGQAEWSAVKQIRVSVVNPSALAKSGTLRLGRVSVVGTRIADAQVDPSTAPISGRAFAANNQENADYPSLLTPPDFLNLHEIEEDNPKRREQALRIEYQRTAAVEIATVTTKRTFSPAQDFSEHETFRFFLHGDNSGSRFFLRLGNADNYLEYQTNITFGGWRLIELDILDKNRDGKLDRNAPKPFGKWTGQKGSPSLRNVAEITMGLVAVNGGPDSEAKYVYVNDIHLTDSVKIVGNAWRARGDFAWANWGSWGGSWRFVDRNFQTLTSVGSGVDSKNGSGYLNLSRMKFLPLNSSFGYSETITPQIQTVDDPNVLVSVINEGKVISTNQNLSGTFFMTQLPLLPNSVKNKLLNIDGSVDHSLTTRSDAERRDEAFNYRYGTSYTFPWRPDVLPTRFFKFHPLPTSLAYSFSRGKSITELKADNSRTESFTDNYSLRTAFQFFPQFSLTPSYSLSQSFEDKSLLVDNFAVTPATAPLRDQLGKVNKTLNQSLSFSGSLRVLSWFAPGYSYSITTSETHNVNEVVFGTNTFRRGALKNITRGSNGDVSASLSPKDVFQYIPYVRGINRAINTMNFSGGYSISDGDSYENIDGGFDSRDKLVIRGKTFNLEGMNPNARRTSLTATDTSRLSGRWQPFEGLAFLRSRLWAPLKNINGSGTFTETVTKRDTTGTQSVSYSRVWPDFIFSTSEIERPLFLSRWMQDTRLNGNYQKRVTETLGQTKSLANSLGSDFTFTLFRLLQFSLSYTNSVQEDFNLQTNQLTNRTRSRGINGQVITTLKVGNWRFTPHYDQSQSESEDGTGKKTSDVVNRNGSLQVFGDVNIPRFFRLPFGKQLALSNRLILTGSFRYGIIRDNVDETKSNDTFDSNVNGDFEITPNIRAAFGGGYMRVMNKARKEDDFTTISVTSRVTIQF
28,A0A3R8U420_9PSED,0.6888372898101807,4.84,bacteria,MKLLEGRHQSIFTIICSNTTNKYYAAGRLSLISAFHEHFEHKHSAGALSARYWVRELFSIMILLLFAAMADAAQFQGVAEWAGGSPPVNMPGSLQLNAKYTFNKQISGCSNMIDRGYIVPVRAYWRRKGASTYEPVLIITANGNTQFSGGIYGRVVVCGAGMTTFDLSIKNVDGGYTNNLPTTEGEYELIVSVEEWSTPSSLAHTHSFNTLSYAIGQFNNPPTAPNKTITTTEDKAVSFELNAYDKDGDHLTYSVTSQPHSAHGSVSLSGNTATFIPKPNWNGTTTFTYRANDGKANSNTATVTVTVTPVNDAPSVSNATLALDEDTVGELTLAVTDVDLQFEGDSHTWSIVTAPNTAHGTASISGNKLTFTPVKDWNGTTTLTYRATDSKSATSNTATITINVRPVNDKAVVHEKTASIPEDTSTTIRLTVSDVDLGIEGDSHTFDIIGTLNPAEGSFSFAGSDITITPAQDWNGTLSLSYRARDSHGLYSEPMPITVEVTYVNDAPTATEAFIPAKEGMASDHVRPSVTDVDLPYGDEHSFEILTQPANGSAKLVYGMLEYTPNPQFFGEDSFTIRATDKAGASVDGVANVVVEKFNYAPTDIVPGEVVLYAGIGGTTQLQATDPNNWGSHTFSVVGQPEAGTASIEGNTLTLRTDDDKPTVIRVKTTDQDGMIFEKDIKIRFQSAWAMFEGREVEQSGSAPTVPAVTTFMTYRNGSYGLQVSSPELLAALGTDIVAAVSPDSAVGVKLEHRDLEPDLGMRLTPTKLQPSYLEAKLAGLKAGVDGTANLYLSRADMSGPIYAIPVNVWTPKGSLQADRWEVKQGLETAQISFASEGSACAVLTSEQLVKPKNVLQEPTCLIEWEITPTEWRDTGHANLLSMVAIGGEVGQFPVRAKAYVFDPKGGKHWIADFSHDLKVVSPTGLLQLGLKPAPEQTYQAVQELSLLLRAQDNDVCELTTNETIARNAAKNWNRSMCFIRWTALPEGLSQSTTWHAPQLVGAASVLGQHSIAWKASVFTPSGQEVDLTHGAHEVEVIEPPAIEIELPQEKKIDENTYWVSQRGGYVGSLSIMALPASIDLKLSRDSTVIEKGTFPSYGRNQRLMRSLEGTEKPLWSLTPFNIDARFTKLPAVETVKEVQLYAVPHEQILPVILNDERSVLDSVALPVNVQMLDTQYPQDGYNLATMGDWDIRLLMTSAGINYEPVTDWEPINEEGIASFELDLAMLTNKAVRVIAEARVRSPLPGYESIRQSNYPMFLTILNGEPLDGVIQALRVIGVAPLRNTFYAMTVDRFEAKDVGDVRWEMSTDNGVTWDTVENTGKIPQRLSMTFEKGTYLLRAEMTNRNSGAKSMTPQIEVIAYEVPTARLKGPSNVFIGDVGRFVLTDLNGETLDTTGMVVEWSEDRGETWVQGTGEYELTRDQAERVYLMSRVKFADSPDDSRVYKRLRVGVAFRAVRPPRVQIIGPGRPEVGKEATWRANMMMPYPKMDLTMDGYFILPTGEEVHEREVSYTPTMEDFNKEQSFLGFMGWINGYEDMGGKGLTQQRLIFWSYDWPTWAIKARISAVYSPADLDLQVRSLGLFREFEELEMDWDIPPYPGLEIIKDTSQTSRSLRITEPGTYTFGVHVSDARGNYTYAETELEFSDPLPYEVTLSWSGDNQANRAPLGVLIRPSITGGHPKDRIETRTYTLNGDPLEGSGNYGRAVLDKGEHTVRLEIGSMMGHTASGETHIKVESNIPPSCSIEVVEGRSSWIARASCADEDGRIVRHLWYIDGVQQSLSSSSISIPMWRYPNGEPIITLIGIDDSGAESPTVANY
29,R7JIT0_9BACT,0.6709153652191162,4.49,bacteria,MHQDRDHYVWFGTYDGLNLYNGTDSYVFRFEQNNENSLCSNIIHKITDAEPGYLWIATSLGINKFSLDKRAVVESYPGYLECSFLATDRKGNTLAVCKDGFLSGYSLTSGGFRDLPDDEISPSTVKSLFTDSENTFMMVLASGKLRTLETDFSEQNFRVNYTDREIHSQPISYATVEGQTLYLVDEQEVLYQYDLRTGVKQKLADLTGMRQKYGSVINVMSHCGRIFVFFREGYFVDAMTSQVALQTGFGVFCVMKDQKQNLLWIGTDGNGVHVYYDKPQLFGSLLTSQFPMRIYNPVRGLFTDAYKNLWIGTKGDGLYKISHYDTHIGMIPASSVTKYTINEGLPSNRVYCCTPSQDTTRFWIGSDGIGISYYSYKDKRIHTLVQGKDEVAIKHVHAIAEINDSTLWLATTNVGLLEVHLQIQPSQLKIRSVTSYLPKHGTNSCNEFQSLYYDGDSLLYAGTRGGYGVLCMNVYTKHYRFAKKNFEDHSAIGDVLSICRSSDSLFYIGASSGMSLLGLQDNRATYLYHYNRNDGIGNDMIHGILEGSDQSVWMSTNKGLTQYNPKNKLFHSYIGSGLEVVEFSDDSYWKCPYTGRLFFGGVNGLVWVNQQHPFWIDEGMDLHFFNARIEDIYMPLDSSLVRKGLCVAHDTREIQVSFAVPDYINIGNYEYAYCLEGFSPSWNELRRGNKITLSWLPPGDYRLKVRFRLGVSDYTDKEYVLPITVLPPWYQTAYAKVGYGFLAILLLFFLHLLYRRQLRRKQQVILQAMDEKQKQKLYEAKLNFFTHITHELCTPLTLITGVDDYLQQYSAQRKDSKLQSYSRILRENVLELNHLIQEILDFRKVEDDGFRNVKFAPASISDFLQHECERFEALIEQRKIHFHLQVASGLNWNTDILLVKKIFSNLLSNAFKYTPEGGEIRVSAAIENEILVFRVYNTGKGIPQEEREHIFDRYYLLKDEEAGAATSMQMRTGLGLFICFNLVQLLKGYIDIESEEGQYAEFIVSLPAQPLEESALPEELEPEETPVQADTKQKELILVVDDHKDITWMISDVLSSDYRVHVEHSATSALAFLKQETPVLLITDIMMPGMNGLDLLTTLKQDKYLSHIPVVIVSAMISEKEQAEGLNRGADAYLTKPFSSVVLKSTVDRLVSNRETMKEYYYSPESAFQFSGGQLMHQEDKEFLEKVTAIIKANMNQEGLRPEFIAEQLHMNTRSLYRRFKKISDMTPSDYIKDCKLSYAAQLLVTTNMSVQEILYAIGNTNKSYFYKEFSRKYQVTPKDYRSMNQKIGNE
30,A0A378RMS7_MYROD,0.5837517380714417,3.67,bacteria,MFRINLRLLLFTCILCMGFNVYAQQRVIQLVDEQTSAVIPAAKVVVLNKGNQIFYSNENGEVLLTEKGDITLYIEAFQYQFTTTVLASNQDFKLVQLKAGNELMEDILITTSNTALKRTKDSSVLVQVISGTKLSESGFTGIQDALMSEIPGMNFQKVGFGTDVNVGGLDARNILFLIDGEKLTGEMAGNLDYQRFNIHSVDHIEIIKGASSILYGSMASGAVINLITKRTDQKFALTAGARYGEWNQRNYKNPKKSDFLYMYEKNVDKPNLQGWLSMGSKLGKITLQTDVQYTSMDAYYLFQSGYDKKTFRKNPAIGLLRDTVITSFIERPPLGIEGDEFVNVSQKVYYDVNDDLHFQAYGTYFFMNSYDLIQDLIFNQTEDFSGGLKVNYKIKNIGELSASIHADNYKRFKRHERIDQRKKLYDSKLVQPRLKFVSNYFDQHELTVGVEQNAEKLISDRFGREGTLTERESKEIEAFVQEEYSGIERTKIAFGIRSSYNELFGTNISPKFSVKYDLKEHFSFRFTYANGYRIPTIKEKFFDWDHLGMFQIVGNPDLKPEKNTYFSFSTEFQNSSLFVNFNAYANYFKDKIEGVWRVFEFQYNFEYQNLNTSNLRGFDVLGKLKINTNFNVNWSYSYVQVSKTKGVQLNTASPHNANIQIEYNFSRLNYDLRAGINTNIIGAKKFNVQDKLMIDGKAQDAYFEVDLPTYSMTNLVVNQTFYKHYKLTLGVDNIFNYKPSLLGAGVAMFNIPATPGRRWFVQVEYKF
31,R5NR27_9BACT,0.5388739705085754,3.2199999999999998,bacteria,MKRIAYLIALSLLSVLFYGNLSAQKTTLSGTVIEGEKNEPLENTMVTVLKGCKKQIIAYALTDNQGKFSLSVLFQDSLHISFSGLGYETQTFPLSPDKLRFQIKMNVKPYNLREVSVKATRIIQREDTLTYIVSNFSEVQDRTIGDVLKKMPGIEVSEKGEIRYQGLPISKFYIEGIDLLENKYGIATNNLPHKNVKSVEVLEHHQPIKAFKGLSFPENAAINIKLKDEAKAQWIGNLQAGAGGDPFIWDGRLFAMRIVPKWQSLNTYKTNNCGTNISNEIQEFELADLLNAKENRYKTNDYIQVNPESAPDLEEKRYLFNKSHLFTTSNGWKLNDNYQLNAQVTYLWNRLRSDNASRTTYFFEDSTRIVNESEASRDLKNELSGRLTLFANTTRYYLKNELQTNLRWNDTDINTFGDFANRQSAETPRYQLTNNLELIKRFGQQSVTFTSYNKWLYEPQQLKVNREAQHEYQKADNSVLFSNTAFAYVSAFSRFILTLRGGFKFLYRDFNSDLKGINPISTLLKNNTVSSYLNPYITPSLEYNSSSVKVTLNVPFHYFRYRFQDWVFHDKRYKNRFISAPSININYFITPLLTIKAQGSIGNKPLDESLFFRGYILQNYRNLQQGLIDFTTDKVKSVSAGIVYRNSLKSCFYNFNMTRMWTENAYINGRNFEGDYIVNTRFAQKNDRKSWILTGRFSKGIDKLHGMIAIDLMYINNRTSMMQDGIQTPYTSDWFTISPQFNFRPVSWSNIVYKCTFGRNILELPTTSSSSNRFTQSLEIVFVPTQQLDIKLKGEHYYNELNAKQSKTLFMADASFTYRISPSFEIGGIISNILDKKVYSYTLYDQLTNYDYRYMIRPRNYMLQATLTF
32,A0A0D8CPK9_9GAMM,0.5160900950431824,9.290000000000001,bacteria,MFKQTHLANSVRLGLMFCVTAAPLSFAASISQNSNVEEIEKIEVTGSRIKRTELEGPSPIVILTADDISDKGFSNMYEAIQNLTAGTGTNQGQGYTNTFTPNAETVNLRGLGANRTLVLLNGQRVANYPRAYNSENNVFNLSTIPTSAVARIEILTGGNSAIYGSDAVAGVMNIITKKGIEETTVTLHHNTSDAGGGDNRKLTLTGGFSSENFSWSYAVDYSDQDMLLGSERDWLDDFNDGPATDTQPEYYRVNSRSIMAGGWEGGFVYLHPDEFGDNLCDQYPDFELSERPSRGFYCGRDTTGDASYINERENISVYSNFQWDFAEQHQLTADVLYWTSDAAQRGGYGASWRTDTMTSGYHDGGGFVWDAENERYLFLQRTFSKEEVGDNKSYFEDDMLYVSLGLNGTIFDDYDYQVTLSHSATDNREHELLIASDKAREYFLGTPVGVEAGEPGMEYIPNYDRFWSPLDEAGRAAIVEKNDSTADASVTTLNGFISGALYELPAGELGFSVALEYSSEDYEINVDPRTLNENTGWGNGLTGTEGGGERDRYGIALEFEVPITEQVIANIAGRYDYYNDETDVDGAFTYQLGLQYRPTEDLLLRTSYGTTFRAPDIHQINSGPSGSYLGITDYYLETKCLQLSQGLDTGFNAVDQAALQVQCNPELPGELKEGQRVKVTQTGNTKLHEETGYSASVGFSWDVMDNLNWTFDLYKVKIKDQVESWNSDNYFRKERDCREGINTQGVDCEFILSRSTRFDGSMPNSGLTVESWNSTYVNQALNEQTGFDMQLDYLYDAGNWGEFSAEIKYTHVLEMVNQEFAGEEIDDDYRDDYLNSALRSKVDSTFAWAKDDLRITLTQMRYGSSWNWEDPDPTRNTNDERRALAGRLAPWLIYNLGVNYDITDAHSVRLGVNNLRDSRPRNDKSFDGTDPWFDRSVYPTMIGVMGRTFSFDYIGKF
33,A0A1V6C2S6_9BACT,0.5078712105751038,2.8200000000000003,bacteria,MKYRGIILALLIFSQMSACVKVADFDDSASIASCQITDVSPEVVIFSEPRVEEGSVVLPMDYGEYEFPVTVTLDIKTAQTIDKILGLGTDNTLVFEDPETVRSIHLIALSGVVHSYDISVEVAPRSDLAVVTAARLIEYNPAGFPLAGEVVVDVVENQIGIFALKGALLPLTIGLEFDLSPGARLENPGNPGNSGSFTIEAYDTDIPFTVVAESGKKELWHICLIGVALVENASQTDRDTWERMAPAGNLKIDFKPVEVECVDIASDLQANRYTVSVRNNGNPFPWKARMDFEMNPYIVPIHHNAAEEFTIQSWEDKRAFYLVDILSQQARAWELVWQQWLNPANVVESFALGEYTSQNNRIRLGTPRIDTLNSLVEIPMTEGNDFPLQITSIQVTLSEDATSDLSPVLTFDTYKSVVPFTVTSQSGASRDWTLRLDPWFETEALIRSFVVESYSSRENLVKLENNTATINSDTRTVTLVLKAGYDFPLVLETFSMELSPKAILLEDYPGGILFPTIDHVIPLTIVAESGDAMEWTLQLADERTENLEARVLEYKVSSYQGTTMTDHNMVLLDQGIVDTVNRTVTLVINDWSSKMPLTVDGNLTISKNAGLKGDITTLQHRVVFNTITQTYHFWVTSESGTNTTGWTLQLEDRSPARRSDAAVTDFITGNPSSGFEFDQKYLEPDQGLITLLVSSKNDENAQLTIKPRITVSQGARLLGITSGAPLDLSFTEPFLFRVMAEDETVRQWKVQLIYAPQVPNSGFEEWGYIGDDKFLNILPSNGKGWTTGNNYQVLGSFRVQGYNSPYAVQMITKLKTVNLVVMKVTSLAAGALFLGKFNFRMDVEAVMNPDIMTDFGIPFAPGSNPVGFEIDYLYEPGGQRVFTEPYKGMFDMPAFKDPVKVSGPDKAVITAELHHNASGNWKYDLNSRADMIAVNEISTEGTQGWTHTRLLFDLVPGRENLPMTHLVVRMSSSWEGADFKGADGSRLTVDNFRLIYYLPAPAAIVLE
